feature,importance,pearson_r,abs_r,rank,selected
tasmin_m09,0.18231404,0.09778034230062237,0.09778034230062237,1,True
tasmin_m08,0.07253936,0.06960125899585987,0.06960125899585987,2,True
tasmax_m02,0.050689686,0.18450663608667398,0.18450663608667398,3,True
maturity_doy,0.049879957,0.043395038699250585,0.043395038699250585,4,True
rsds_m02,0.025041921,0.29311990042822084,0.29311990042822084,5,True
hurs_m06,0.024587814,-0.4831055862288903,0.4831055862288903,6,True
pr_m04,0.024447016,-0.14634544749469974,0.14634544749469974,7,True
sfcWind_m05,0.022681052,-0.03240098772849533,0.03240098772849533,8,True
pr_m01,0.022582415,-0.10997734609004782,0.10997734609004782,9,True
tasmin_m10,0.02242331,0.13526019319717622,0.13526019319717622,10,True
soil_DOMSOI_Yk,0.020250972,0.24043199954229466,0.24043199954229466,11,True
rsds_m01,0.018212201,0.2505934666052568,0.2505934666052568,12,True
hurs_m09,0.016990995,-0.4438170060370642,0.4438170060370642,13,True
sfcWind_m01,0.016431602,-0.14856397423259693,0.14856397423259693,14,True
n_growing_months,0.016208835,0.2582399933156776,0.2582399933156776,15,True
rsds_m07,0.016148116,0.08048711039272857,0.08048711039272857,16,True
pr_m02,0.015146085,-0.09687577086159456,0.09687577086159456,17,True
tasmin_m07,0.0141394045,0.07263534609982233,0.07263534609982233,18,True
tasmin_m01,0.0131959235,0.14574277252495912,0.14574277252495912,19,True
ps_m02,0.01267297,-0.24126279545928261,0.24126279545928261,20,True
tasmax_m09,0.012433328,0.26164523662408057,0.26164523662408057,21,False
hurs_m07,0.011530947,-0.44145212028116854,0.44145212028116854,22,False
pr_m05,0.0113469325,-0.19766027290311056,0.19766027290311056,23,False
rsds_m09,0.011086082,0.42689218818807123,0.42689218818807123,24,False
tasmax_m01,0.011000552,0.188303225625396,0.188303225625396,25,False
sfcWind_m10,0.010287213,-0.13261440090243298,0.13261440090243298,26,False
soil_DOMSOI_Xk,0.010268601,0.11180991688225975,0.11180991688225975,27,False
hurs_m02,0.0102268495,-0.29508761571342623,0.29508761571342623,28,False
hurs_m05,0.009581532,-0.3473802548053604,0.3473802548053604,29,False
sfcWind_m03,0.009145589,-0.12165986656861293,0.12165986656861293,30,False
pr_m09,0.009105976,-0.1185734089618834,0.1185734089618834,31,False
pr_m10,0.009022689,-0.18359180221807425,0.18359180221807425,32,False
pr_m06,0.0084599685,-0.1520174284566092,0.1520174284566092,33,False
tasmin_m02,0.0067790053,0.14976981052345084,0.14976981052345084,34,False
ps_m11,0.0066774082,-0.23824005537131762,0.23824005537131762,35,False
season_length_days,0.0065644267,0.29850088836015704,0.29850088836015704,36,False
pr_m03,0.0062487065,-0.09545741884864951,0.09545741884864951,37,False
hurs_m11,0.0062142382,-0.35925112303420226,0.35925112303420226,38,False
sfcWind_m07,0.0060318364,0.1214381141504145,0.1214381141504145,39,False
sfcWind_m02,0.0060213427,-0.1466438579345589,0.1466438579345589,40,False
hurs_m01,0.005948542,-0.3069370210681651,0.3069370210681651,41,False
lon,0.0057607917,0.13780618545225304,0.13780618545225304,42,False
rsds_m03,0.0053919926,0.31368051523929186,0.31368051523929186,43,False
rsds_m11,0.005098592,0.24585691041702662,0.24585691041702662,44,False
tasmin_m03,0.004935087,0.17192295715614647,0.17192295715614647,45,False
tasmax_m06,0.004916472,0.2320268667244026,0.2320268667244026,46,False
lat,0.004843383,-0.17209587849528113,0.17209587849528113,47,False
rsds_m08,0.0045025605,0.19113937154850183,0.19113937154850183,48,False
ps_m07,0.004484475,-0.2613994258721245,0.2613994258721245,49,False
soil_DOMSOI_Zo,0.0042401464,0.1599175711042008,0.1599175711042008,50,False
hurs_m04,0.0041613313,-0.26834598339065424,0.26834598339065424,51,False
sfcWind_m11,0.004143978,-0.15190506929882133,0.15190506929882133,52,False
tasmin_m12,0.004045618,0.1340480042122084,0.1340480042122084,53,False
pr_m07,0.003975052,-0.09863244518282979,0.09863244518282979,54,False
rsds_m06,0.003958932,0.14494965776626414,0.14494965776626414,55,False
pr_m12,0.0038299114,-0.10726751768302813,0.10726751768302813,56,False
rsds_m10,0.0037777899,0.30548787081465306,0.30548787081465306,57,False
soil_DOMSOI_Qc,0.0036784157,0.1484927973226579,0.1484927973226579,58,False
hurs_m03,0.003585923,-0.25550308584546555,0.25550308584546555,59,False
hurs_m12,0.003419111,-0.32401237945981365,0.32401237945981365,60,False
tasmax_m05,0.0030728683,0.20962490394826522,0.20962490394826522,61,False
tasmin_m11,0.0029970857,0.13409064012383817,0.13409064012383817,62,False
sfcWind_m04,0.0028071252,-0.1413206445922062,0.1413206445922062,63,False
tasmax_m08,0.0027978236,0.23753634131729165,0.23753634131729165,64,False
tasmin_m06,0.0027147841,0.1130506271748582,0.1130506271748582,65,False
sfcWind_m12,0.0026116478,-0.1429215537159644,0.1429215537159644,66,False
rsds_m04,0.002542934,0.2871629232423529,0.2871629232423529,67,False
sfcWind_m06,0.0024573642,0.057974464501888985,0.057974464501888985,68,False
ps_m12,0.0023114264,-0.2365317934603901,0.2365317934603901,69,False
rsds_m12,0.0022640098,0.23722826531583271,0.23722826531583271,70,False
soil_DOMSOI_Rc,0.0022567648,0.14187764816678955,0.14187764816678955,71,False
soil_DOMSOI_Kl,0.0022248183,0.036465038206094334,0.036465038206094334,72,False
tasmax_m03,0.002166482,0.19572690217636804,0.19572690217636804,73,False
pr_m08,0.0021455116,-0.10409853439774067,0.10409853439774067,74,False
tasmin_m04,0.0020985492,0.17996104637870897,0.17996104637870897,75,False
ps_m04,0.0020601104,-0.24417828976925612,0.24417828976925612,76,False
ps_m05,0.0020226946,-0.2489922562086516,0.2489922562086516,77,False
ps_m09,0.0019808097,-0.25575745013885065,0.25575745013885065,78,False
tasmax_m10,0.0018694995,0.23047462975289948,0.23047462975289948,79,False
rsds_m05,0.0018674259,0.2078526760884967,0.2078526760884967,80,False
hurs_m10,0.0018539503,-0.47307903334084284,0.47307903334084284,81,False
tasmin_m05,0.0017256992,0.14869058148711214,0.14869058148711214,82,False
planting_doy,0.001718777,0.07652560621748257,0.07652560621748257,83,False
pr_m11,0.0015857621,-0.11847754989723801,0.11847754989723801,84,False
sfcWind_m08,0.0015761557,0.09679177134981208,0.09679177134981208,85,False
tasmax_m11,0.001468432,0.18527280588819775,0.18527280588819775,86,False
soil_DOMSOI_So,0.0014385846,0.031606608699739025,0.031606608699739025,87,False
ps_m08,0.0013166829,-0.2589995177846287,0.2589995177846287,88,False
tasmax_m04,0.0012330799,0.2111461810866019,0.2111461810866019,89,False
soil_DOMSOI_Rd,0.0012145615,-0.01539569176465419,0.01539569176465419,90,False
soil_DOMSOI_I,0.001063596,0.1287660520095345,0.1287660520095345,91,False
tasmax_m12,0.0010572064,0.17905116892783712,0.17905116892783712,92,False
ps_m03,0.0008418506,-0.24537789782019673,0.24537789782019673,93,False
soil_DOMSOI_Xh,0.0008412016,0.13792609427071498,0.13792609427071498,94,False
hurs_m08,0.0007191494,-0.40494206201393557,0.40494206201393557,95,False
tasmax_m07,0.00070381974,0.2196230787938914,0.2196230787938914,96,False
soil_DOMSOI_Je,0.0007006802,0.008434920224856557,0.008434920224856557,97,False
sfcWind_m09,0.0006371049,-0.06182796106259341,0.06182796106259341,98,False
soil_DOMSOI_Ag,0.00062306126,-0.024172961138941733,0.024172961138941733,99,False
ps_m10,0.0006102134,-0.2450457153315847,0.2450457153315847,100,False
ps_m01,0.0005945276,-0.23532109769546125,0.23532109769546125,101,False
soil_DOMSOI_Lf,0.0005765242,0.032424447083011516,0.032424447083011516,102,False
soil_DOMSOI_La,0.0004042383,-0.08272775322987601,0.08272775322987601,103,False
soil_DOMSOI_Qa,0.000383594,0.009937263419048707,0.009937263419048707,104,False
soil_DOMSOI_Vp,0.00031007503,0.04438542459240937,0.04438542459240937,105,False
soil_DOMSOI_Jc,0.0003086274,-0.0016574671950545662,0.0016574671950545662,106,False
soil_DOMSOI_Lc,0.00026891712,0.026814319703109202,0.026814319703109202,107,False
soil_DOMSOI_Kh,0.00025595355,0.10802178903921816,0.10802178903921816,108,False
soil_DOMSOI_Ge,0.00023080077,-0.04918974422763237,0.04918974422763237,109,False
soil_DOMSOI_Zg,0.00022637488,0.0370464985132636,0.0370464985132636,110,False
soil_DOMSOI_Yh,0.00022316822,0.12039824352306538,0.12039824352306538,111,False
soil_DOMSOI_Th,0.00020782066,-0.017107487355609328,0.017107487355609328,112,False
soil_DOMSOI_Ne,0.00020072304,0.023310187805381938,0.023310187805381938,113,False
soil_DOMSOI_WR,0.00018614747,0.02765008394126845,0.02765008394126845,114,False
ps_m06,0.00018241725,-0.255417863299899,0.255417863299899,115,False
soil_DOMSOI_Ao,0.00018151909,0.00052215442289703,0.00052215442289703,116,False
soil_DOMSOI_Ck,0.00015815007,-0.03301556212631691,0.03301556212631691,117,False
soil_DOMSOI_Vc,0.00014609325,0.10384442623591937,0.10384442623591937,118,False
soil_DOMSOI_Gc,0.00013750195,-0.020431843464110113,0.020431843464110113,119,False
soil_DOMSOI_We,0.0001300438,-0.015794299307572604,0.015794299307572604,120,False
soil_DOMSOI_Ph,0.00011553734,-0.03561132883723276,0.03561132883723276,121,False
soil_DOMSOI_Af,0.00011262353,-0.015974375298837645,0.015974375298837645,122,False
soil_DOMSOI_Tm,8.279395e-05,-0.008425908924540775,0.008425908924540775,123,False
soil_DOMSOI_E,8.1106045e-05,-0.04217213055817008,0.04217213055817008,124,False
soil_DOMSOI_Bk,7.7177414e-05,-0.02620191298999088,0.02620191298999088,125,False
soil_DOMSOI_Hl,7.4582014e-05,-0.016966025209026427,0.016966025209026427,126,False
soil_DOMSOI_Re,6.839169e-05,-0.03474919449824313,0.03474919449824313,127,False
soil_DOMSOI_Hc,6.752024e-05,-0.028806136727517362,0.028806136727517362,128,False
soil_DOMSOI_Lo,6.306152e-05,-0.10645555544412978,0.10645555544412978,129,False
soil_DOMSOI_Be,6.1242274e-05,-0.08831414935910778,0.08831414935910778,130,False
soil_DOMSOI_Bc,5.8273217e-05,-0.03114197673748963,0.03114197673748963,131,False
soil_DOMSOI_Gm,5.6239445e-05,-0.09713380639248952,0.09713380639248952,132,False
soil_DOMSOI_Yl,4.826542e-05,0.02816395425499327,0.02816395425499327,133,False
soil_DOMSOI_Gd,4.6859754e-05,-0.021302952158355492,0.021302952158355492,134,False
soil_DOMSOI_Hg,4.5219163e-05,-0.026393583232405576,0.026393583232405576,135,False
soil_DOMSOI_Ch,4.0634266e-05,-0.05673264286049311,0.05673264286049311,136,False
soil_DOMSOI_Bd,3.815505e-05,-0.04763044295836311,0.04763044295836311,137,False
soil_DOMSOI_Ap,2.8311753e-05,-0.012968506834839817,0.012968506834839817,138,False
soil_DOMSOI_Pg,5.032578e-06,-0.004044396227191188,0.004044396227191188,139,False
soil_DOMSOI_O,1.4521294e-06,-0.016943447473357586,0.016943447473357586,140,False
soil_DOMSOI_ST,0.0,0.06383621368504795,0.06383621368504795,141,False
soil_DOMSOI_Lg,0.0,-0.06822360852328106,0.06822360852328106,142,False
soil_DOMSOI_DS,0.0,0.08983088603261591,0.08983088603261591,143,False
soil_DOMSOI_De,0.0,-0.059601972623543165,0.059601972623543165,144,False
soil_DOMSOI_J,0.0,-0.021465596601228227,0.021465596601228227,145,False
soil_DOMSOI_Gh,0.0,0.04367362240742108,0.04367362240742108,146,False
soil_DOMSOI_Yy,0.0,0.03336020355985324,0.03336020355985324,147,False
soil_DOMSOI_Po,0.0,-0.05458455658288193,0.05458455658288193,148,False
soil_DOMSOI_Ah,0.0,-0.021877336584982133,0.021877336584982133,149,False
soil_DOMSOI_Xy,0.0,0.022147784321849006,0.022147784321849006,150,False
soil_DOMSOI_Cl,0.0,-0.026272687387243303,0.026272687387243303,151,False
soil_DOMSOI_Sm,0.0,-0.028865892327698178,0.028865892327698178,152,False
soil_DOMSOI_Mo,0.0,-0.030892327335800638,0.030892327335800638,153,False
soil_DOMSOI_Wm,0.0,0.017067743137991583,0.017067743137991583,154,False
soil_DOMSOI_Tv,0.0,-0.019332840260617993,0.019332840260617993,155,False
soil_DOMSOI_Ws,0.0,-0.012314580890957673,0.012314580890957673,156,False
soil_DOMSOI_Bv,0.0,0.013112743722866776,0.013112743722866776,157,False
soil_DOMSOI_Dd,0.0,-0.015765671331244648,0.015765671331244648,158,False
soil_DOMSOI_Od,0.0,-0.020989924234898993,0.020989924234898993,159,False
soil_DOMSOI_Bf,0.0,0.019956122527207666,0.019956122527207666,160,False
soil_DOMSOI_To,0.0,-0.020114493738755092,0.020114493738755092,161,False
soil_DOMSOI_GL,0.0,0.008716579102925849,0.008716579102925849,162,False
soil_DOMSOI_Ql,0.0,-0.01216737349875489,0.01216737349875489,163,False
soil_DOMSOI_Jt,0.0,-0.007546585182419404,0.007546585182419404,164,False
soil_DOMSOI_Hh,0.0,0.007773307027484204,0.007773307027484204,165,False
soil_DOMSOI_Kk,0.0,0.010601570323966214,0.010601570323966214,166,False
soil_DOMSOI_Nd,0.0,-0.007288667988094127,0.007288667988094127,167,False
soil_DOMSOI_Fr,0.0,-0.002461836171246519,0.002461836171246519,168,False
soil_DOMSOI_Lk,0.0,0.003950607813919699,0.003950607813919699,169,False
soil_DOMSOI_Bh,0.0,0.0020940681083789206,0.0020940681083789206,170,False
soil_DOMSOI_V,0.0,-0.00011628770669438398,0.00011628770669438398,171,False
