n_rows,column,n_missing,pct_missing
2353,lat,5,0.21
2353,lon,5,0.21
2353,planting_doy,5,0.21
2353,maturity_doy,5,0.21
2353,season_length_days,5,0.21
2353,n_growing_months,5,0.21
2353,green_wf,5,0.21
2353,blue_wf,5,0.21
2353,total_wf,5,0.21
2353,pr_m01,0,0.0
2353,pr_m05,0,0.0
2353,pr_m02,0,0.0
2353,pr_m03,0,0.0
2353,pr_m04,0,0.0
2353,pr_m09,0,0.0
2353,pr_m10,0,0.0
2353,pr_m11,0,0.0
2353,pr_m12,0,0.0
2353,sfcWind_m01,0,0.0
2353,sfcWind_m02,0,0.0
2353,sfcWind_m03,0,0.0
2353,sfcWind_m04,0,0.0
2353,sfcWind_m05,0,0.0
2353,sfcWind_m06,0,0.0
2353,sfcWind_m07,0,0.0
2353,sfcWind_m08,0,0.0
2353,sfcWind_m09,0,0.0
2353,sfcWind_m10,0,0.0
2353,sfcWind_m11,0,0.0
2353,sfcWind_m12,0,0.0
2353,tasmin_m01,0,0.0
2353,tasmin_m02,0,0.0
2353,tasmin_m03,0,0.0
2353,tasmin_m04,0,0.0
2353,tasmin_m05,0,0.0
2353,tasmin_m06,0,0.0
2353,tasmin_m07,0,0.0
2353,tasmin_m08,0,0.0
2353,tasmin_m09,0,0.0
2353,tasmin_m10,0,0.0
2353,tasmin_m11,0,0.0
2353,tasmin_m12,0,0.0
2353,tasmax_m01,0,0.0
2353,pr_m06,0,0.0
2353,pr_m07,0,0.0
2353,pr_m08,0,0.0
2353,tasmax_m04,0,0.0
2353,tasmax_m03,0,0.0
2353,tasmax_m02,0,0.0
2353,tasmax_m05,0,0.0
2353,tasmax_m09,0,0.0
2353,tasmax_m06,0,0.0
2353,tasmax_m07,0,0.0
2353,tasmax_m08,0,0.0
2353,hurs_m01,0,0.0
2353,hurs_m02,0,0.0
2353,hurs_m03,0,0.0
2353,hurs_m04,0,0.0
2353,hurs_m05,0,0.0
2353,tasmax_m10,0,0.0
2353,tasmax_m11,0,0.0
2353,tasmax_m12,0,0.0
2353,hurs_m09,0,0.0
2353,hurs_m10,0,0.0
2353,hurs_m11,0,0.0
2353,hurs_m12,0,0.0
2353,rsds_m01,0,0.0
2353,rsds_m02,0,0.0
2353,rsds_m03,0,0.0
2353,rsds_m04,0,0.0
2353,rsds_m05,0,0.0
2353,rsds_m06,0,0.0
2353,rsds_m07,0,0.0
2353,rsds_m08,0,0.0
2353,rsds_m09,0,0.0
2353,hurs_m06,0,0.0
2353,hurs_m07,0,0.0
2353,hurs_m08,0,0.0
2353,ps_m01,0,0.0
2353,ps_m02,0,0.0
2353,ps_m03,0,0.0
2353,ps_m04,0,0.0
2353,ps_m05,0,0.0
2353,ps_m06,0,0.0
2353,ps_m07,0,0.0
2353,ps_m08,0,0.0
2353,ps_m09,0,0.0
2353,ps_m10,0,0.0
2353,ps_m11,0,0.0
2353,ps_m12,0,0.0
2353,soil_DOMSOI_Af,0,0.0
2353,soil_DOMSOI_Ag,0,0.0
2353,soil_DOMSOI_Ah,0,0.0
2353,soil_DOMSOI_Ao,0,0.0
2353,soil_DOMSOI_Ap,0,0.0
2353,soil_DOMSOI_Bc,0,0.0
2353,soil_DOMSOI_Bd,0,0.0
2353,soil_DOMSOI_Be,0,0.0
2353,soil_DOMSOI_Bf,0,0.0
2353,soil_DOMSOI_Bh,0,0.0
2353,soil_DOMSOI_Bk,0,0.0
2353,soil_DOMSOI_Bv,0,0.0
2353,soil_DOMSOI_Ch,0,0.0
2353,soil_DOMSOI_Ck,0,0.0
2353,soil_DOMSOI_Cl,0,0.0
2353,soil_DOMSOI_DS,0,0.0
2353,soil_DOMSOI_Dd,0,0.0
2353,rsds_m10,0,0.0
2353,rsds_m11,0,0.0
2353,rsds_m12,0,0.0
2353,soil_DOMSOI_Fr,0,0.0
2353,soil_DOMSOI_E,0,0.0
2353,soil_DOMSOI_De,0,0.0
2353,soil_DOMSOI_GL,0,0.0
2353,soil_DOMSOI_Gh,0,0.0
2353,soil_DOMSOI_Gc,0,0.0
2353,soil_DOMSOI_Gd,0,0.0
2353,soil_DOMSOI_Ge,0,0.0
2353,soil_DOMSOI_Hh,0,0.0
2353,soil_DOMSOI_Hl,0,0.0
2353,soil_DOMSOI_I,0,0.0
2353,soil_DOMSOI_J,0,0.0
2353,soil_DOMSOI_Jc,0,0.0
2353,soil_DOMSOI_Gm,0,0.0
2353,soil_DOMSOI_Hc,0,0.0
2353,soil_DOMSOI_Hg,0,0.0
2353,soil_DOMSOI_Kk,0,0.0
2353,soil_DOMSOI_Kl,0,0.0
2353,soil_DOMSOI_La,0,0.0
2353,soil_DOMSOI_Lc,0,0.0
2353,soil_DOMSOI_Lf,0,0.0
2353,soil_DOMSOI_Lg,0,0.0
2353,soil_DOMSOI_Lk,0,0.0
2353,soil_DOMSOI_Lo,0,0.0
2353,soil_DOMSOI_Mo,0,0.0
2353,soil_DOMSOI_Nd,0,0.0
2353,soil_DOMSOI_Ne,0,0.0
2353,soil_DOMSOI_O,0,0.0
2353,soil_DOMSOI_Od,0,0.0
2353,soil_DOMSOI_Je,0,0.0
2353,soil_DOMSOI_Jt,0,0.0
2353,soil_DOMSOI_Kh,0,0.0
2353,soil_DOMSOI_Po,0,0.0
2353,soil_DOMSOI_Ph,0,0.0
2353,soil_DOMSOI_Pg,0,0.0
2353,soil_DOMSOI_Qa,0,0.0
2353,soil_DOMSOI_Rd,0,0.0
2353,soil_DOMSOI_Qc,0,0.0
2353,soil_DOMSOI_Ql,0,0.0
2353,soil_DOMSOI_Rc,0,0.0
2353,soil_DOMSOI_So,0,0.0
2353,soil_DOMSOI_Th,0,0.0
2353,soil_DOMSOI_Tm,0,0.0
2353,soil_DOMSOI_To,0,0.0
2353,soil_DOMSOI_Tv,0,0.0
2353,soil_DOMSOI_Re,0,0.0
2353,soil_DOMSOI_ST,0,0.0
2353,soil_DOMSOI_Sm,0,0.0
2353,soil_DOMSOI_Vp,0,0.0
2353,soil_DOMSOI_Vc,0,0.0
2353,soil_DOMSOI_V,0,0.0
2353,soil_DOMSOI_WR,0,0.0
2353,soil_DOMSOI_Xh,0,0.0
2353,soil_DOMSOI_We,0,0.0
2353,soil_DOMSOI_Wm,0,0.0
2353,soil_DOMSOI_Ws,0,0.0
2353,soil_DOMSOI_Yh,0,0.0
2353,soil_DOMSOI_Xy,0,0.0
2353,soil_DOMSOI_Xk,0,0.0
2353,soil_DOMSOI_Yk,0,0.0
2353,soil_DOMSOI_Zg,0,0.0
2353,soil_DOMSOI_Yy,0,0.0
2353,soil_DOMSOI_Yl,0,0.0
2353,soil_DOMSOI_Zo,0,0.0
