feature,importance
lat,0.12583970144792506
lon,0.10397191021547107
rsds_m05,0.10294252804494668
rsds_m09,0.08435798084158752
tasmin_m06,0.07188148354747652
hurs_m10,0.07135669825890861
tasmax_m06,0.06776118203578467
tasmin_m05,0.06748295551106527
pr_m12,0.06075204383124165
tasmax_m07,0.049281915072853184
tasmax_m09,0.047487080933807456
tasmax_m04,0.04314275923698812
ps_m09,0.02776414394958997
tasmin_m09,0.02749429361417562
hurs_m09,0.019253618875754813
tasmax_m10,0.01691533173904917
soil_DOMSOI_Tm,0.012186767517527161
soil_DOMSOI_Bv,0.0001276053258472945
soil_DOMSOI_Xk,0.0
soil_DOMSOI_WR,0.0
