feature,group,unit,description,n_missing
lat,geographic,degrees,Grid-cell centre coordinate,0
lon,geographic,degrees,Grid-cell centre coordinate,0
planting_doy,crop_calendar,day / count,GGCMI Phase 3 wheat calendar,0
maturity_doy,crop_calendar,day / count,GGCMI Phase 3 wheat calendar,0
season_length_days,crop_calendar,day / count,GGCMI Phase 3 wheat calendar,0
n_growing_months,crop_calendar,day / count,GGCMI Phase 3 wheat calendar,0
pr_m01,climate,mm/month,"GSWP3-W5E5 pr, month 1, monthly op = sum",0
pr_m02,climate,mm/month,"GSWP3-W5E5 pr, month 2, monthly op = sum",0
pr_m03,climate,mm/month,"GSWP3-W5E5 pr, month 3, monthly op = sum",0
pr_m04,climate,mm/month,"GSWP3-W5E5 pr, month 4, monthly op = sum",0
pr_m05,climate,mm/month,"GSWP3-W5E5 pr, month 5, monthly op = sum",0
pr_m06,climate,mm/month,"GSWP3-W5E5 pr, month 6, monthly op = sum",0
pr_m07,climate,mm/month,"GSWP3-W5E5 pr, month 7, monthly op = sum",0
pr_m08,climate,mm/month,"GSWP3-W5E5 pr, month 8, monthly op = sum",0
pr_m09,climate,mm/month,"GSWP3-W5E5 pr, month 9, monthly op = sum",0
pr_m10,climate,mm/month,"GSWP3-W5E5 pr, month 10, monthly op = sum",0
pr_m11,climate,mm/month,"GSWP3-W5E5 pr, month 11, monthly op = sum",0
pr_m12,climate,mm/month,"GSWP3-W5E5 pr, month 12, monthly op = sum",0
sfcWind_m01,climate,m/s,"GSWP3-W5E5 sfcWind, month 1, monthly op = mean",0
sfcWind_m02,climate,m/s,"GSWP3-W5E5 sfcWind, month 2, monthly op = mean",0
sfcWind_m03,climate,m/s,"GSWP3-W5E5 sfcWind, month 3, monthly op = mean",0
sfcWind_m04,climate,m/s,"GSWP3-W5E5 sfcWind, month 4, monthly op = mean",0
sfcWind_m05,climate,m/s,"GSWP3-W5E5 sfcWind, month 5, monthly op = mean",0
sfcWind_m06,climate,m/s,"GSWP3-W5E5 sfcWind, month 6, monthly op = mean",0
sfcWind_m07,climate,m/s,"GSWP3-W5E5 sfcWind, month 7, monthly op = mean",0
sfcWind_m08,climate,m/s,"GSWP3-W5E5 sfcWind, month 8, monthly op = mean",0
sfcWind_m09,climate,m/s,"GSWP3-W5E5 sfcWind, month 9, monthly op = mean",0
sfcWind_m10,climate,m/s,"GSWP3-W5E5 sfcWind, month 10, monthly op = mean",0
sfcWind_m11,climate,m/s,"GSWP3-W5E5 sfcWind, month 11, monthly op = mean",0
sfcWind_m12,climate,m/s,"GSWP3-W5E5 sfcWind, month 12, monthly op = mean",0
tasmin_m01,climate,degC,"GSWP3-W5E5 tasmin, month 1, monthly op = mean",0
tasmin_m02,climate,degC,"GSWP3-W5E5 tasmin, month 2, monthly op = mean",0
tasmin_m03,climate,degC,"GSWP3-W5E5 tasmin, month 3, monthly op = mean",0
tasmin_m04,climate,degC,"GSWP3-W5E5 tasmin, month 4, monthly op = mean",0
tasmin_m05,climate,degC,"GSWP3-W5E5 tasmin, month 5, monthly op = mean",0
tasmin_m06,climate,degC,"GSWP3-W5E5 tasmin, month 6, monthly op = mean",0
tasmin_m07,climate,degC,"GSWP3-W5E5 tasmin, month 7, monthly op = mean",0
tasmin_m08,climate,degC,"GSWP3-W5E5 tasmin, month 8, monthly op = mean",0
tasmin_m09,climate,degC,"GSWP3-W5E5 tasmin, month 9, monthly op = mean",0
tasmin_m10,climate,degC,"GSWP3-W5E5 tasmin, month 10, monthly op = mean",0
tasmin_m11,climate,degC,"GSWP3-W5E5 tasmin, month 11, monthly op = mean",0
tasmin_m12,climate,degC,"GSWP3-W5E5 tasmin, month 12, monthly op = mean",0
tasmax_m01,climate,degC,"GSWP3-W5E5 tasmax, month 1, monthly op = mean",0
tasmax_m02,climate,degC,"GSWP3-W5E5 tasmax, month 2, monthly op = mean",0
tasmax_m03,climate,degC,"GSWP3-W5E5 tasmax, month 3, monthly op = mean",0
tasmax_m04,climate,degC,"GSWP3-W5E5 tasmax, month 4, monthly op = mean",0
tasmax_m05,climate,degC,"GSWP3-W5E5 tasmax, month 5, monthly op = mean",0
tasmax_m06,climate,degC,"GSWP3-W5E5 tasmax, month 6, monthly op = mean",0
tasmax_m07,climate,degC,"GSWP3-W5E5 tasmax, month 7, monthly op = mean",0
tasmax_m08,climate,degC,"GSWP3-W5E5 tasmax, month 8, monthly op = mean",0
tasmax_m09,climate,degC,"GSWP3-W5E5 tasmax, month 9, monthly op = mean",0
tasmax_m10,climate,degC,"GSWP3-W5E5 tasmax, month 10, monthly op = mean",0
tasmax_m11,climate,degC,"GSWP3-W5E5 tasmax, month 11, monthly op = mean",0
tasmax_m12,climate,degC,"GSWP3-W5E5 tasmax, month 12, monthly op = mean",0
hurs_m01,climate,%,"GSWP3-W5E5 hurs, month 1, monthly op = mean",0
hurs_m02,climate,%,"GSWP3-W5E5 hurs, month 2, monthly op = mean",0
hurs_m03,climate,%,"GSWP3-W5E5 hurs, month 3, monthly op = mean",0
hurs_m04,climate,%,"GSWP3-W5E5 hurs, month 4, monthly op = mean",0
hurs_m05,climate,%,"GSWP3-W5E5 hurs, month 5, monthly op = mean",0
hurs_m06,climate,%,"GSWP3-W5E5 hurs, month 6, monthly op = mean",0
hurs_m07,climate,%,"GSWP3-W5E5 hurs, month 7, monthly op = mean",0
hurs_m08,climate,%,"GSWP3-W5E5 hurs, month 8, monthly op = mean",0
hurs_m09,climate,%,"GSWP3-W5E5 hurs, month 9, monthly op = mean",0
hurs_m10,climate,%,"GSWP3-W5E5 hurs, month 10, monthly op = mean",0
hurs_m11,climate,%,"GSWP3-W5E5 hurs, month 11, monthly op = mean",0
hurs_m12,climate,%,"GSWP3-W5E5 hurs, month 12, monthly op = mean",0
rsds_m01,climate,W/m2,"GSWP3-W5E5 rsds, month 1, monthly op = mean",0
rsds_m02,climate,W/m2,"GSWP3-W5E5 rsds, month 2, monthly op = mean",0
rsds_m03,climate,W/m2,"GSWP3-W5E5 rsds, month 3, monthly op = mean",0
rsds_m04,climate,W/m2,"GSWP3-W5E5 rsds, month 4, monthly op = mean",0
rsds_m05,climate,W/m2,"GSWP3-W5E5 rsds, month 5, monthly op = mean",0
rsds_m06,climate,W/m2,"GSWP3-W5E5 rsds, month 6, monthly op = mean",0
rsds_m07,climate,W/m2,"GSWP3-W5E5 rsds, month 7, monthly op = mean",0
rsds_m08,climate,W/m2,"GSWP3-W5E5 rsds, month 8, monthly op = mean",0
rsds_m09,climate,W/m2,"GSWP3-W5E5 rsds, month 9, monthly op = mean",0
rsds_m10,climate,W/m2,"GSWP3-W5E5 rsds, month 10, monthly op = mean",0
rsds_m11,climate,W/m2,"GSWP3-W5E5 rsds, month 11, monthly op = mean",0
rsds_m12,climate,W/m2,"GSWP3-W5E5 rsds, month 12, monthly op = mean",0
ps_m01,climate,Pa,"GSWP3-W5E5 ps, month 1, monthly op = mean",0
ps_m02,climate,Pa,"GSWP3-W5E5 ps, month 2, monthly op = mean",0
ps_m03,climate,Pa,"GSWP3-W5E5 ps, month 3, monthly op = mean",0
ps_m04,climate,Pa,"GSWP3-W5E5 ps, month 4, monthly op = mean",0
ps_m05,climate,Pa,"GSWP3-W5E5 ps, month 5, monthly op = mean",0
ps_m06,climate,Pa,"GSWP3-W5E5 ps, month 6, monthly op = mean",0
ps_m07,climate,Pa,"GSWP3-W5E5 ps, month 7, monthly op = mean",0
ps_m08,climate,Pa,"GSWP3-W5E5 ps, month 8, monthly op = mean",0
ps_m09,climate,Pa,"GSWP3-W5E5 ps, month 9, monthly op = mean",0
ps_m10,climate,Pa,"GSWP3-W5E5 ps, month 10, monthly op = mean",0
ps_m11,climate,Pa,"GSWP3-W5E5 ps, month 11, monthly op = mean",0
ps_m12,climate,Pa,"GSWP3-W5E5 ps, month 12, monthly op = mean",0
soil_DOMSOI_Af,soil,see DSMW key,FAO/UNESCO DSMW attribute,0
soil_DOMSOI_Ag,soil,see DSMW key,FAO/UNESCO DSMW attribute,0
soil_DOMSOI_Ah,soil,see DSMW key,FAO/UNESCO DSMW attribute,0
soil_DOMSOI_Ao,soil,see DSMW key,FAO/UNESCO DSMW attribute,0
soil_DOMSOI_Ap,soil,see DSMW key,FAO/UNESCO DSMW attribute,0
soil_DOMSOI_Bc,soil,see DSMW key,FAO/UNESCO DSMW attribute,0
soil_DOMSOI_Bd,soil,see DSMW key,FAO/UNESCO DSMW attribute,0
soil_DOMSOI_Be,soil,see DSMW key,FAO/UNESCO DSMW attribute,0
soil_DOMSOI_Bf,soil,see DSMW key,FAO/UNESCO DSMW attribute,0
soil_DOMSOI_Bh,soil,see DSMW key,FAO/UNESCO DSMW attribute,0
soil_DOMSOI_Bk,soil,see DSMW key,FAO/UNESCO DSMW attribute,0
soil_DOMSOI_Bv,soil,see DSMW key,FAO/UNESCO DSMW attribute,0
soil_DOMSOI_Ch,soil,see DSMW key,FAO/UNESCO DSMW attribute,0
soil_DOMSOI_Ck,soil,see DSMW key,FAO/UNESCO DSMW attribute,0
soil_DOMSOI_Cl,soil,see DSMW key,FAO/UNESCO DSMW attribute,0
soil_DOMSOI_DS,soil,see DSMW key,FAO/UNESCO DSMW attribute,0
soil_DOMSOI_Dd,soil,see DSMW key,FAO/UNESCO DSMW attribute,0
soil_DOMSOI_De,soil,see DSMW key,FAO/UNESCO DSMW attribute,0
soil_DOMSOI_E,soil,see DSMW key,FAO/UNESCO DSMW attribute,0
soil_DOMSOI_Fr,soil,see DSMW key,FAO/UNESCO DSMW attribute,0
soil_DOMSOI_GL,soil,see DSMW key,FAO/UNESCO DSMW attribute,0
soil_DOMSOI_Gc,soil,see DSMW key,FAO/UNESCO DSMW attribute,0
soil_DOMSOI_Gd,soil,see DSMW key,FAO/UNESCO DSMW attribute,0
soil_DOMSOI_Ge,soil,see DSMW key,FAO/UNESCO DSMW attribute,0
soil_DOMSOI_Gh,soil,see DSMW key,FAO/UNESCO DSMW attribute,0
soil_DOMSOI_Gm,soil,see DSMW key,FAO/UNESCO DSMW attribute,0
soil_DOMSOI_Hc,soil,see DSMW key,FAO/UNESCO DSMW attribute,0
soil_DOMSOI_Hg,soil,see DSMW key,FAO/UNESCO DSMW attribute,0
soil_DOMSOI_Hh,soil,see DSMW key,FAO/UNESCO DSMW attribute,0
soil_DOMSOI_Hl,soil,see DSMW key,FAO/UNESCO DSMW attribute,0
soil_DOMSOI_I,soil,see DSMW key,FAO/UNESCO DSMW attribute,0
soil_DOMSOI_J,soil,see DSMW key,FAO/UNESCO DSMW attribute,0
soil_DOMSOI_Jc,soil,see DSMW key,FAO/UNESCO DSMW attribute,0
soil_DOMSOI_Je,soil,see DSMW key,FAO/UNESCO DSMW attribute,0
soil_DOMSOI_Jt,soil,see DSMW key,FAO/UNESCO DSMW attribute,0
soil_DOMSOI_Kh,soil,see DSMW key,FAO/UNESCO DSMW attribute,0
soil_DOMSOI_Kk,soil,see DSMW key,FAO/UNESCO DSMW attribute,0
soil_DOMSOI_Kl,soil,see DSMW key,FAO/UNESCO DSMW attribute,0
soil_DOMSOI_La,soil,see DSMW key,FAO/UNESCO DSMW attribute,0
soil_DOMSOI_Lc,soil,see DSMW key,FAO/UNESCO DSMW attribute,0
soil_DOMSOI_Lf,soil,see DSMW key,FAO/UNESCO DSMW attribute,0
soil_DOMSOI_Lg,soil,see DSMW key,FAO/UNESCO DSMW attribute,0
soil_DOMSOI_Lk,soil,see DSMW key,FAO/UNESCO DSMW attribute,0
soil_DOMSOI_Lo,soil,see DSMW key,FAO/UNESCO DSMW attribute,0
soil_DOMSOI_Mo,soil,see DSMW key,FAO/UNESCO DSMW attribute,0
soil_DOMSOI_Nd,soil,see DSMW key,FAO/UNESCO DSMW attribute,0
soil_DOMSOI_Ne,soil,see DSMW key,FAO/UNESCO DSMW attribute,0
soil_DOMSOI_O,soil,see DSMW key,FAO/UNESCO DSMW attribute,0
soil_DOMSOI_Od,soil,see DSMW key,FAO/UNESCO DSMW attribute,0
soil_DOMSOI_Pg,soil,see DSMW key,FAO/UNESCO DSMW attribute,0
soil_DOMSOI_Ph,soil,see DSMW key,FAO/UNESCO DSMW attribute,0
soil_DOMSOI_Po,soil,see DSMW key,FAO/UNESCO DSMW attribute,0
soil_DOMSOI_Qa,soil,see DSMW key,FAO/UNESCO DSMW attribute,0
soil_DOMSOI_Qc,soil,see DSMW key,FAO/UNESCO DSMW attribute,0
soil_DOMSOI_Ql,soil,see DSMW key,FAO/UNESCO DSMW attribute,0
soil_DOMSOI_Rc,soil,see DSMW key,FAO/UNESCO DSMW attribute,0
soil_DOMSOI_Rd,soil,see DSMW key,FAO/UNESCO DSMW attribute,0
soil_DOMSOI_Re,soil,see DSMW key,FAO/UNESCO DSMW attribute,0
soil_DOMSOI_ST,soil,see DSMW key,FAO/UNESCO DSMW attribute,0
soil_DOMSOI_Sm,soil,see DSMW key,FAO/UNESCO DSMW attribute,0
soil_DOMSOI_So,soil,see DSMW key,FAO/UNESCO DSMW attribute,0
soil_DOMSOI_Th,soil,see DSMW key,FAO/UNESCO DSMW attribute,0
soil_DOMSOI_Tm,soil,see DSMW key,FAO/UNESCO DSMW attribute,0
soil_DOMSOI_To,soil,see DSMW key,FAO/UNESCO DSMW attribute,0
soil_DOMSOI_Tv,soil,see DSMW key,FAO/UNESCO DSMW attribute,0
soil_DOMSOI_V,soil,see DSMW key,FAO/UNESCO DSMW attribute,0
soil_DOMSOI_Vc,soil,see DSMW key,FAO/UNESCO DSMW attribute,0
soil_DOMSOI_Vp,soil,see DSMW key,FAO/UNESCO DSMW attribute,0
soil_DOMSOI_WR,soil,see DSMW key,FAO/UNESCO DSMW attribute,0
soil_DOMSOI_We,soil,see DSMW key,FAO/UNESCO DSMW attribute,0
soil_DOMSOI_Wm,soil,see DSMW key,FAO/UNESCO DSMW attribute,0
soil_DOMSOI_Ws,soil,see DSMW key,FAO/UNESCO DSMW attribute,0
soil_DOMSOI_Xh,soil,see DSMW key,FAO/UNESCO DSMW attribute,0
soil_DOMSOI_Xk,soil,see DSMW key,FAO/UNESCO DSMW attribute,0
soil_DOMSOI_Xy,soil,see DSMW key,FAO/UNESCO DSMW attribute,0
soil_DOMSOI_Yh,soil,see DSMW key,FAO/UNESCO DSMW attribute,0
soil_DOMSOI_Yk,soil,see DSMW key,FAO/UNESCO DSMW attribute,0
soil_DOMSOI_Yl,soil,see DSMW key,FAO/UNESCO DSMW attribute,0
soil_DOMSOI_Yy,soil,see DSMW key,FAO/UNESCO DSMW attribute,0
soil_DOMSOI_Zg,soil,see DSMW key,FAO/UNESCO DSMW attribute,0
soil_DOMSOI_Zo,soil,see DSMW key,FAO/UNESCO DSMW attribute,0
green_wf,target,m3/t,"ACEA unit WF, 2010-2019 mean",0
blue_wf,target,m3/t,"ACEA unit WF, 2010-2019 mean",0
total_wf,target,m3/t,"ACEA unit WF, 2010-2019 mean",0
