y_true,y_pred,cluster
543.3783,327.6105658277779,0
65.42,187.94057507453402,0
24.80505,59.959246357142845,4
100.42726,339.7836294801342,0
253.65466,321.04445313945587,2
231.0112,150.82144049160834,0
84.437836,125.67824679851837,1
114.73267,152.25741971029407,1
134.43816,208.27254544285705,3
113.695656,275.75249324056637,0
44.42058,232.1489549518343,0
70.7,201.696711805618,3
232.2113,321.04445313945587,2
217.48558,321.04445313945587,2
234.48518,321.04445313945587,2
149.88062,127.66340936733727,1
1371.435,1124.6032300000004,1
84.702614,146.41681599054056,1
198.30211,146.41681599054056,1
5.7096944,117.3832428207999,1
66.95543,320.039878469388,0
41.458076,143.13372578512386,0
350.93243,227.7399221428571,0
263.64313,321.04445313945587,2
4.5315795,104.25826152777776,1
331.47278,274.1667526666667,0
133.67657,133.20050083703703,1
422.08905,287.87627416574543,0
849.56934,617.6182575675676,2
9.8074255,150.82144049160834,0
237.86845,162.45059981684213,1
149.41089,436.3035155656933,0
5.4003787,118.53605098181812,1
169.16974,287.87627416574543,0
109.26866,149.00223910526313,4
91.084854,124.96352504000001,4
219.53458,162.45059981684213,1
185.55164,172.57800750960007,0
176.8966,321.04445313945587,2
86.85687,125.67824679851837,1
17.641464,125.59079322066684,0
204.05157,229.99576406563688,0
248.50761,321.04445313945587,2
433.2512,402.35302363636356,3
106.58698,145.03838973913042,3
155.8838,211.08898726034482,3
321.05682,321.04445313945587,2
79.918365,232.8067053413045,0
234.56523,287.87627416574543,0
210.33813,321.04445313945587,2
35.235462,126.12870444672134,0
20.718,111.4057813252083,1
368.85406,305.23464817149926,0
176.29813,494.31651260000046,1
17.517141,125.59079322066684,0
519.6773,438.58437526666665,2
58.267048,118.53605098181812,1
111.85048,157.80716564999994,0
218.54944,321.04445313945587,2
358.9871,321.04445313945587,2
337.60083,299.20792967500074,0
28.981754,117.3832428207999,1
221.5419,321.04445313945587,2
255.69371,259.9710993761195,0
167.59781,172.57800750960007,0
427.20764,402.35302363636356,3
177.11517,171.59663715631214,1
10.3552475,100.60340555098038,1
154.10065,196.6596547692307,0
248.38763,321.04445313945587,2
1380.5806,1417.952879523817,1
71.353935,122.50633496818172,1
79.86995,117.3832428207999,1
543.55707,321.04445313945587,2
25.894865,117.3832428207999,1
247.0684,321.04445313945587,2
115.43284,160.61775433061226,1
63.002464,117.3832428207999,1
109.6507,172.57800750960007,0
12.732199,112.69892823600001,1
201.46803,281.46473264150944,3
89.40163,172.57800750960007,0
1.1843803,110.35422889315065,1
512.38715,617.6182575675676,2
33.411217,104.25826152777776,1
137.08815,232.1489549518343,0
69.25051,232.12000420560761,0
117.75261,118.53605098181812,1
350.04507,259.9710993761195,0
142.77155,162.45059981684213,1
276.53592,321.04445313945587,2
321.34464,295.5952722222222,3
271.64142,321.04445313945587,2
6.487236,118.53605098181812,1
1954.2968,13586.415,2
376.8223,320.039878469388,0
194.12074,175.15005287050369,1
74.19807,232.8067053413045,0
283.25336,321.04445313945587,2
13.602586,125.4050333961239,0
33.16127,112.69892823600001,1
48.824947,124.8038067943089,0
25.541,110.35422889315065,1
105.460655,209.894250952381,4
6.8221126,114.83201214067411,1
63.28591,117.3832428207999,1
72.13597,157.80716564999994,0
235.14589,321.04445313945587,2
132.38492,117.3832428207999,1
79.62688,118.84186483647031,1
64.254616,116.39226515841577,0
268.70212,401.1533570869566,0
34.603725,126.12870444672134,0
255.875,321.04445313945587,2
120.61641,150.82144049160834,0
686.24835,489.2855777510912,0
8.28716,111.4057813252083,1
95.323944,162.45059981684213,1
17.756779,114.17029587289476,1
176.22997,260.7960704545454,3
221.78961,172.57800750960007,0
356.78394,352.78969734177224,3
177.54848,321.04445313945587,2
168.90912,182.1282119244185,3
66.018295,120.11898349259269,1
196.2814,321.04445313945587,2
92.548355,387.93141999999995,0
202.47443,150.14412230769233,4
101.0237,172.57800750960007,0
119.020996,166.984955671875,1
84.6669,394.6023477777778,0
100.95646,133.20050083703703,1
38.808002,129.1852426323528,0
32.4007,118.84186483647031,1
129.73087,214.2227739182352,1
125.769516,133.20050083703703,1
320.6889,209.20413763636358,0
54.447376,150.82144049160834,0
127.367615,135.62076999999996,1
298.48502,229.99576406563688,0
205.24257,321.04445313945587,2
71.33707,117.3832428207999,1
295.72595,287.87627416574543,0
137.75961,133.20050083703703,1
175.96848,321.04445313945587,2
17.406277,112.69892823600001,1
53.489513,95.42432748267711,1
4.186505,114.17029587289476,1
88.025986,149.08805866666665,3
20.0895,125.59079322066684,0
185.94603,288.17919131147556,3
65.819626,147.34229686966287,0
142.49986,207.86885159206358,1
169.86594,187.94057507453402,0
30.337383,126.12870444672134,0
165.87794,262.8718080490196,0
53.284443,321.04445313945587,2
133.87788,172.57800750960007,0
74.28536,137.26981611246003,1
201.74323,146.41681599054056,1
436.41595,305.23464817149926,0
63.83084,124.8038067943089,0
32.741848,172.57800750960007,0
28.963844,129.1852426323528,0
79.558174,171.59663715631214,1
308.7914,321.04445313945587,2
211.81584,321.04445313945587,2
39.7979,147.34229686966287,0
567.6511,438.58437526666665,2
909.7584,436.86018537795235,0
625.9552,453.2922906085716,0
32.652203,143.13372578512386,0
42.59117,100.60340555098038,1
103.876144,153.79484303846144,1
100.80266,321.04445313945587,2
27.3214,129.1852426323528,0
120.61641,126.12870444672134,0
63.150124,146.41681599054056,1
81.45286,172.57800750960007,0
69.05556,321.04445313945587,2
37.511013,150.82144049160834,0
47.295486,147.34229686966287,0
53.66654,100.60340555098038,1
378.37964,507.4706112166668,0
18.852274,111.4057813252083,1
219.87772,321.04445313945587,2
191.91592,191.66624923076927,4
55.720516,122.50633496818172,1
103.847694,162.45059981684213,1
167.75249,146.41681599054056,1
19.796093,141.68066308262922,0
155.82976,133.20050083703703,1
215.7264,133.20050083703703,1
116.45921,100.60340555098038,1
115.43285,162.45059981684213,1
11.438074,117.3832428207999,1
16.942362,118.53605098181812,1
300.21677,327.6311280487806,3
98.9438,122.50633496818172,1
10.515085,95.42432748267711,1
84.56587,122.96413092461556,1
85.80711,124.8038067943089,0
56.143852,118.53605098181812,1
1537.4585,1366.818495818181,2
236.66557,321.04445313945587,2
228.11116,315.69530571428567,1
83.91901,133.20050083703703,1
33.14473,118.53605098181812,1
78.04868,232.1489549518343,0
21.746052,125.59079322066684,0
123.09847,188.19845785321107,1
129.33246,299.20792967500074,0
228.53221,321.04445313945587,2
534.3686,339.7836294801342,0
80.03473,133.20050083703703,1
130.81778,172.57800750960007,0
94.49029,125.59079322066684,0
24.082998,104.25826152777776,1
129.57602,125.67824679851837,1
798.3867,617.6182575675676,2
36.64266,114.83201214067411,1
129.73085,213.57701447244906,1
524.47437,438.58437526666665,2
46.799026,232.12000420560761,0
161.43344,180.52811599999995,4
29.16611,126.12870444672134,0
173.71176,172.57800750960007,0
337.95352,386.2996009347832,0
51.385326,111.4057813252083,1
58.05916,111.4057813252083,1
122.254616,207.86885159206358,1
383.02286,436.3035155656933,0
253.65126,182.42511866666663,4
207.12413,321.04445313945587,2
1096.227,797.5542430985915,1
270.54834,160.61775433061226,1
89.19531,259.9710993761195,0
203.89551,172.22345650487796,1
89.54643,129.7541301851852,1
31.99999,126.12870444672134,0
11.331686,118.53605098181812,1
117.72129,172.57800750960007,0
281.91614,217.40057016666665,3
101.07216,133.20050083703703,1
69.4917,117.3832428207999,1
18.8976,122.96413092461556,1
146.39362,287.87627416574543,0
257.4802,506.15509842937854,0
350.51477,262.8718080490196,0
79.23682,201.696711805618,3
175.89359,146.41681599054056,1
48.765007,117.3832428207999,1
200.43176,203.93613238095236,1
233.21892,126.12870444672134,0
129.4982,166.55590404117646,3
62.34337,137.26981611246003,1
90.06578,147.34229686966287,0
250.19328,321.04445313945587,2
131.72862,188.19845785321107,1
47.99823,126.12870444672134,0
204.33978,157.80716564999994,0
105.812744,125.67824679851837,1
162.62541,259.9710993761195,0
9.537884,100.60340555098038,1
54.53784,111.4057813252083,1
205.4341,246.81483908125003,1
108.21368,172.57800750960007,0
284.871,321.04445313945587,2
8.28716,110.35422889315065,1
71.33707,118.53605098181812,1
8.589814,124.8038067943089,0
16.690163,126.12870444672134,0
71.66782,95.42432748267711,1
135.71585,188.19845785321107,1
330.43036,321.04445313945587,2
156.7059,100.60340555098038,1
55.53547,127.02497348688517,1
131.51154,186.64232107142854,4
51.48488,111.4057813252083,1
152.64862,176.90650444444444,4
24.812515,183.56216333333336,3
1.1031058,363.1538241764706,0
20.389542,232.12000420560761,0
6.8630147,118.53605098181812,1
128.34348,321.04445313945587,2
87.84125,232.8067053413045,0
444.76202,438.58437526666665,2
31.214516,117.3832428207999,1
207.29184,321.04445313945587,2
214.00685,172.57800750960007,0
491.57608,321.04445313945587,2
144.38951,117.87606872727274,4
138.62895,188.19845785321107,1
118.655914,259.9710993761195,0
57.895466,117.87606872727274,4
175.24454,154.53633811090913,1
61.675938,104.25826152777776,1
65.07336,117.3832428207999,1
115.51768,176.89371209743592,1
11.283936,125.59079322066684,0
5.405983,114.17029587289476,1
10.283308,110.35422889315065,1
33.77161,196.05135228571427,0
57.09622,320.039878469388,0
4.4016695,138.74505427300616,0
153.62663,187.94057507453402,0
88.98656,162.45059981684213,1
371.99377,617.6182575675676,2
185.82242,321.04445313945587,2
220.63936,321.04445313945587,2
4.105153,110.35422889315065,1
617.41003,430.95722224137916,0
72.80789,232.12000420560761,0
21.019993,110.35422889315065,1
216.13965,203.28427501379318,3
21.106905,172.57800750960007,0
205.7436,211.08898726034482,3
163.47488,188.19845785321107,1
13.400247,117.3832428207999,1
96.22308,622.4208347172022,0
65.14237,61.19058988695653,4
85.89792,388.66358599999995,0
146.69962,235.58593177852325,0
78.4358,137.26981611246003,1
99.31591,118.84186483647031,1
262.76202,321.04445313945587,2
17.456135,111.4057813252083,1
33.826897,141.68066308262922,0
214.21687,203.93613238095236,1
119.94586,193.1953311305556,3
269.841,383.52242830788236,0
43.534744,118.84186483647031,1
343.37927,430.95722224137916,0
360.45325,321.04445313945587,2
21.593039,126.12870444672134,0
144.13242,172.57800750960007,0
1928.2351,1489.0693165428581,2
91.85195,133.20050083703703,1
106.8491,125.67824679851837,1
193.64928,321.04445313945587,2
274.57834,321.04445313945587,2
120.360565,156.09689476129032,1
176.77313,321.04445313945587,2
92.60724,133.20050083703703,1
163.292,208.3108181285715,1
64.25463,124.8038067943089,0
29.92497,122.96413092461556,1
164.15588,321.04445313945587,2
382.13647,321.04445313945587,2
8.664949,114.17029587289476,1
186.5492,146.41681599054056,1
214.67201,213.57701447244906,1
33.523224,117.3832428207999,1
406.38873,407.331891019048,0
18.555069,110.35422889315065,1
52.80703,138.74505427300616,0
269.63986,321.04445313945587,2
185.34816,321.04445313945587,2
89.58528,154.53633811090913,1
225.94775,321.04445313945587,2
9.174372,95.42432748267711,1
155.69283,146.41681599054056,1
61.720444,146.41681599054056,1
112.38515,187.94057507453402,0
79.91679,59.959246357142845,4
20.123827,112.69892823600001,1
498.72858,438.58437526666665,2
131.52495,100.60340555098038,1
40.9987,232.1489549518343,0
132.15875,128.66709830303031,1
377.6961,436.86018537795235,0
136.6755,125.67824679851837,1
434.5172,287.87627416574543,0
235.90993,156.09689476129032,1
343.3792,436.3035155656933,0
58.93551,129.1852426323528,0
647.4682,402.35302363636356,3
401.76608,299.8211672337773,0
153.46466,171.59663715631214,1
51.897392,117.3832428207999,1
220.72168,236.95366094915246,3
27.551178,117.3832428207999,1
51.594982,143.13372578512386,0
318.8755,295.6828919178082,3
129.78024,347.6508176190476,0
474.02402,438.58437526666665,2
87.44032,133.20050083703703,1
187.61234,180.52811599999995,4
1412.7205,1124.6032300000004,1
11.15966,125.59079322066684,0
294.5149,321.04445313945587,2
37.35506,104.25826152777776,1
31.96595,125.59079322066684,0
172.62924,154.53633811090913,1
183.27936,172.57800750960007,0
80.07216,122.96413092461556,1
227.59851,193.1953311305556,3
149.86313,172.57800750960007,0
236.37483,321.04445313945587,2
194.84804,321.04445313945587,2
70.793594,201.2977755019418,3
16.388302,141.68066308262922,0
404.92618,365.2119480645163,3
67.65961,147.34229686966287,0
23.86438,126.12870444672134,0
19.34476,126.12870444672134,0
320.68887,209.20413763636358,0
48.56289,124.8038067943089,0
297.9147,260.61804,3
33.016705,95.42432748267711,1
19.481186,125.59079322066684,0
9.556878,100.60340555098038,1
608.01953,407.30849738541633,0
152.99121,154.53633811090913,1
167.15063,133.20050083703703,1
176.82901,183.16096896551724,4
189.10298,207.86885159206358,1
166.16628,172.57800750960007,0
42.736576,95.42432748267711,1
21.879831,126.12870444672134,0
75.71593,126.12870444672134,0
52.13272,299.20792967500074,0
215.51035,361.53765071428563,1
24.978498,141.68066308262922,0
170.96364,171.59663715631214,1
65.370316,111.92831162272724,3
93.36457,117.3832428207999,1
126.036896,133.20050083703703,1
288.17532,321.04445313945587,2
837.1641,438.58437526666665,2
152.68886,126.12870444672134,0
60.918564,125.59079322066684,0
42.374393,321.04445313945587,2
45.74524,128.66709830303031,1
110.11044,122.50633496818172,1
161.07156,209.20413763636358,0
46.53411,122.50633496818172,1
23.66102,126.12870444672134,0
175.65678,165.112664,0
58.668015,232.8067053413045,0
43.02823,117.3832428207999,1
921.8688,1456.6309159999998,2
138.95921,137.26981611246003,1
137.59613,125.4050333961239,0
33.144733,118.53605098181812,1
38.070282,127.02497348688517,1
50.953323,260.7960704545454,3
9.871653,112.69892823600001,1
963.6821,966.2290094736833,1
140.41684,295.5556514385966,0
420.61163,438.58437526666665,2
80.871704,128.66709830303031,1
48.87849,117.3832428207999,1
57.231476,122.96413092461556,1
14.007013,100.60340555098038,1
8.439411,100.60340555098038,1
95.60791,117.87606872727274,4
145.62653,171.59663715631214,1
88.53936,321.04445313945587,2
467.86542,365.2119480645163,3
53.279224,100.60340555098038,1
3.6494853,138.74505427300616,0
155.3088,381.4067912085024,0
364.00464,321.04445313945587,2
12.348984,117.3832428207999,1
206.37004,122.96413092461556,1
78.180756,146.41681599054056,1
351.87436,160.61775433061226,1
100.73295,388.66358599999995,0
203.45663,259.9710993761195,0
